{
	"customerList": [
		{
			"id": 1,
			"customerName": "Jeff McNab",
			"address": "23 Humber Trail",
			"city": "Bolton",
			"prov": "Ontario",
			"postal": "L7E5R8",
			"phoneNum": "(555) 555-5555",
			"date": "Mon March 23, 2015",
			"time": "8:30am",
			"inter": "Hwy 50 & Old Church",
			"lat": 43.886667, 
			"lon": -79.786896,
			"note": "re-roof"
      },
		{
			"id": 2,
			"customerName": "Xavier L'eveque",
			"address": "18 Cortez Rd",
			"city": "Brampton",
			"prov": "Ontario",
			"postal": "L5R2WQ",
			"phoneNum": "(555) 555-5555",
			"date": "Tues March 24, 2015",
			"time": "11:00pm",
			"inter": "Queen & Main",
			"lat": 43.760031, 
			"lon": -79.825462,
			"note": "new roof"

	  },
		{
			"id": 3,
			"customerName": "Irina Davyduk",
			"address": "188 Mississauga Rd",
			"city": "Mississauga",
			"prov": "Ontario",
			"postal": "L5R2WQ",
			"phoneNum": "(555) 555-5555",
			"date": "Wed March 25, 2015",
			"time": "12:30pm",
			"inter": "Bloor & Mavis",
			"lat": 43.680971,
			"lon": -79.898649, 
			"note": "roof inspection"
	  },
		{
			"id": 3,
			"customerName": "Alex Veksler",
			"address": "100 Mississauga Rd",
			"city": "Mississauga",
			"prov": "Ontario",
			"postal": "L5R2WQ",
			"phoneNum": "(555) 555-5555",
			"date": "Thurs March 26, 2015",
			"time": "1:00pm",
			"inter": "Bloor & Mavis",
			"lat": 43.680971,
			"lon": -79.898649,
			"note": "roof estimation"
	  },
		{
			"id": 4,
			"customerName": "Bob Smith",
			"address": "123 Fake St",
			"city": "Toronto",
			"prov": "Ontario",
			"postal": "L5R2WQ",
			"phoneNum": "(555) 555-5555",
			"date": "Fri March 27, 2015",
			"time": "2:30pm",
			"inter": "Younge & Dundas",
			"lat": 43.761679,
			"lon": -79.354360,
			"note": "commercial roof inspection"
	  },
	  {
			"id": 5,
			"customerName": "Joe Dog",
			"address": "123 Fake St",
			"city": "Toronto",
			"prov": "Ontario",
			"postal": "L5R2WQ",
		  	"phoneNum": "(555) 555-5555",
			"date": "Mon March 23, 2015",
			"time": "3:30pm",
			"inter": "Younge & Bloor",
			"lat": 43.761679,
			"lon": -79.354360,
			"note": "commercial re-roof"
	  },
	  {
			"id": 6,
			"customerName": "Rick James",
			"address": "123 Fake St",
			"city": "Toronto",
			"prov": "Ontario",
			"postal": "L5R2WQ",
		  	"phoneNum": "(555) 555-5555",
			"date": "Mon March 23, 2015",
			"time": "4:30pm",
			"inter": "Young & Front",
			"lat": 43.761679,
			"lon": -79.354360, 
			"note": "commercial new roof"
	  }
   ]
}